id,first_name,last_name,email,gender,ip_address
1,Rubie,Brinsford,rbrinsford0@1und1.de,Female,242.119.200.106
2,Hugues,Skews,hskews1@guardian.co.uk,Male,31.97.161.69
3,Brittni,Braney,bbraney2@edublogs.org,Female,208.176.212.227
4,Pier,Pursglove,ppursglove3@webmd.com,Female,200.49.28.224
5,Harper,Corteis,hcorteis4@github.com,Male,217.138.183.209
6,Consalve,Verbrugge,cverbrugge5@g.co,Polygender,56.131.121.254
7,Lesya,Simpkins,lsimpkins6@thetimes.co.uk,Female,66.100.26.156
8,Dallon,Blanckley,dblanckley7@google.com,Male,230.56.108.146
9,Freddie,Tamsett,ftamsett8@china.com.cn,Male,246.99.49.22
10,Moise,Cabena,mcabena9@pbs.org,Male,168.94.78.177
11,Vida,Whyley,vwhyleya@springer.com,Female,120.51.1.64
12,Tim,Raunds,traundsb@techcrunch.com,Male,44.149.25.210
13,Byram,Stallen,bstallenc@nih.gov,Male,238.157.21.189
14,Willi,Van Waadenburg,wvanwaadenburgd@virginia.edu,Bigender,51.221.49.222
15,Antonius,Batcock,abatcocke@infoseek.co.jp,Male,252.171.83.249
16,Jonas,McMorran,jmcmorranf@cnbc.com,Male,145.23.143.19
17,Isak,De Lorenzo,idelorenzog@va.gov,Male,144.165.158.146
18,Tabbitha,Turfin,tturfinh@technorati.com,Female,216.39.156.165
19,Xena,Bretton,xbrettoni@wsj.com,Agender,29.185.99.249
20,Westbrooke,Darkin,wdarkinj@blinklist.com,Genderqueer,67.11.248.192
